rank,alpha,trainable_params,train_time_min,peak_vram_gb,eval_loss,eval_perplexity
8,16,1843200,3.860575270652771,4.252957184,0.19394543766975403,1.2140300408410705
16,32,3686400,4.140184589227041,3.6455296,0.15241476893424988,1.1646431940836648
64,128,14745600,3.8866299907366435,5.023784448,0.07390951365232468,1.0767093735894337
